IDHORARIO,DURACION,IDSERVICIO,FECHAINICIO,DIA,HORAINICIO,HORAFIN,FECHAFIN
185224,,12,17/09/2024,,7,17,17/09/2024
185225,,12,16/09/2024,,20,6,16/09/2024
185226,,12,19/09/2024,,21,12,19/09/2024
185227,,17,08/08/2024,,9,11,08/08/2024
185228,,17,02/08/2024,,16,19,02/08/2024
185229,,17,10/08/2024,,6,22,10/08/2024
185230,,18,16/10/2024,,17,24,16/10/2024
185231,,18,13/10/2024,,19,17,13/10/2024
185232,,18,17/10/2024,,16,19,17/10/2024
185233,,8,26/06/2024,,22,19,27/06/2024
185234,,8,17/06/2024,,14,21,17/06/2024
185235,,8,06/07/2024,,17,4,06/07/2024
185236,,11,04/12/2024,,10,22,04/12/2024
185237,,11,04/12/2024,,22,17,04/12/2024
185238,,11,23/12/2024,,22,16,23/12/2024
185239,,4,09/08/2024,,12,10,09/08/2024
185240,,4,09/08/2024,,8,24,09/08/2024
185241,,4,12/08/2024,,18,21,12/08/2024
185242,,8,27/01/2024,,11,24,28/01/2024
185243,,8,25/01/2024,,10,22,25/01/2024
185244,,8,01/02/2024,,3,23,01/02/2024
185245,,14,08/07/2024,,17,16,09/07/2024
185246,,14,27/06/2024,,2,22,27/06/2024
185247,,14,11/07/2024,,10,10,11/07/2024
185248,,20,19/06/2024,,13,11,20/06/2024
185249,,20,13/06/2024,,15,19,13/06/2024
185250,,20,27/06/2024,,23,12,27/06/2024
185251,,20,03/11/2024,,1,13,03/11/2024
185252,,20,30/10/2024,,0,24,30/10/2024
185253,,20,07/11/2024,,20,22,07/11/2024
185254,,14,10/10/2024,,7,16,10/10/2024
185255,,14,30/09/2024,,11,18,30/09/2024
185256,,14,12/10/2024,,10,20,12/10/2024
185257,,5,09/02/2024,,14,18,10/02/2024
185258,,5,01/02/2024,,22,23,01/02/2024
185259,,5,10/02/2024,,14,24,10/02/2024
185260,,8,15/02/2024,,22,21,16/02/2024
185261,,8,14/02/2024,,17,24,14/02/2024
185262,,8,26/02/2024,,19,3,26/02/2024
185263,,8,19/06/2024,,19,15,20/06/2024
185264,,8,12/06/2024,,9,7,12/06/2024
185265,,8,22/06/2024,,10,24,22/06/2024
185266,,5,27/07/2024,,7,19,27/07/2024
185267,,5,27/07/2024,,0,22,27/07/2024
185268,,5,06/08/2024,,2,16,06/08/2024
185269,,22,05/04/2024,,12,18,05/04/2024
185270,,22,27/03/2024,,11,14,27/03/2024
185271,,22,06/04/2024,,9,2,06/04/2024
185272,,6,23/02/2024,,2,24,24/02/2024
185273,,6,11/02/2024,,10,19,11/02/2024
185274,,6,27/02/2024,,20,17,27/02/2024
185275,,18,10/12/2024,,5,15,11/12/2024
185276,,18,08/12/2024,,3,16,08/12/2024
185277,,18,18/12/2024,,5,10,18/12/2024
185278,,18,24/08/2024,,9,9,25/08/2024
185279,,18,08/08/2024,,1,22,08/08/2024
185280,,18,27/08/2024,,16,24,27/08/2024
185281,,13,24/08/2024,,21,24,25/08/2024
185282,,13,21/08/2024,,6,21,21/08/2024
185283,,13,03/09/2024,,15,7,03/09/2024
185284,,4,18/12/2024,,23,9,18/12/2024
185285,,4,16/12/2024,,6,14,16/12/2024
185286,,4,05/01/2025,,20,23,05/01/2025
185287,,14,12/06/2024,,17,23,12/06/2024
185288,,14,05/06/2024,,1,17,05/06/2024
185289,,14,22/06/2024,,14,21,22/06/2024
185290,,12,18/11/2024,,22,13,18/11/2024
185291,,12,13/11/2024,,15,23,13/11/2024
185292,,12,02/12/2024,,18,15,02/12/2024
185293,,11,23/05/2024,,4,8,24/05/2024
185294,,11,06/05/2024,,2,5,06/05/2024
185295,,11,25/05/2024,,17,23,25/05/2024
185296,,5,08/06/2024,,13,11,09/06/2024
185297,,5,04/06/2024,,16,15,04/06/2024
185298,,5,23/06/2024,,3,18,23/06/2024
185299,,17,30/08/2024,,0,18,30/08/2024
185300,,17,21/08/2024,,18,17,21/08/2024
185301,,17,03/09/2024,,13,21,03/09/2024
185302,,14,11/07/2024,,23,19,12/07/2024
185303,,14,06/07/2024,,20,18,06/07/2024
185304,,14,18/07/2024,,6,24,18/07/2024
185305,,13,21/06/2024,,14,21,21/06/2024
185306,,13,09/06/2024,,0,19,09/06/2024
185307,,13,23/06/2024,,22,24,23/06/2024
185308,,8,28/10/2024,,7,11,29/10/2024
185309,,8,26/10/2024,,23,1,26/10/2024
185310,,8,07/11/2024,,4,22,07/11/2024
185311,,14,31/01/2024,,20,14,31/01/2024
185312,,14,19/01/2024,,19,22,19/01/2024
185313,,14,06/02/2024,,11,19,06/02/2024
185314,,18,16/10/2024,,9,22,17/10/2024
185315,,18,11/10/2024,,13,23,11/10/2024
185316,,18,17/10/2024,,23,14,17/10/2024
185317,,5,04/10/2024,,9,3,05/10/2024
185318,,5,03/10/2024,,1,21,03/10/2024
185319,,5,07/10/2024,,18,20,07/10/2024
185320,,5,21/01/2024,,11,22,21/01/2024
185321,,5,11/01/2024,,16,12,11/01/2024
185322,,5,22/01/2024,,13,24,22/01/2024
185323,,12,26/07/2024,,11,23,26/07/2024
185324,,12,19/07/2024,,12,22,19/07/2024
185325,,12,04/08/2024,,14,7,04/08/2024
185326,,13,19/08/2024,,20,13,20/08/2024
185327,,13,14/08/2024,,7,13,14/08/2024
185328,,13,21/08/2024,,2,23,21/08/2024
185329,,20,25/04/2024,,8,20,25/04/2024
185330,,20,21/04/2024,,20,16,21/04/2024
185331,,20,11/05/2024,,15,12,11/05/2024
185332,,22,24/07/2024,,20,17,24/07/2024
185333,,22,18/07/2024,,3,21,18/07/2024
185334,,22,25/07/2024,,23,22,25/07/2024
185335,,12,15/07/2024,,15,20,16/07/2024
185336,,12,14/07/2024,,22,23,14/07/2024
185337,,12,03/08/2024,,3,19,03/08/2024
185338,,20,12/05/2024,,4,19,12/05/2024
185339,,20,05/05/2024,,0,23,05/05/2024
185340,,20,13/05/2024,,2,23,13/05/2024
185341,,14,03/11/2024,,15,23,04/11/2024
185342,,14,02/11/2024,,1,20,02/11/2024
185343,,14,07/11/2024,,18,24,07/11/2024
185344,,4,18/12/2024,,20,18,19/12/2024
185345,,4,15/12/2024,,21,23,15/12/2024
185346,,4,19/12/2024,,18,16,19/12/2024
185347,,6,11/01/2024,,2,15,11/01/2024
185348,,6,10/01/2024,,11,20,10/01/2024
185349,,6,19/01/2024,,15,18,19/01/2024
185350,,12,19/12/2024,,18,18,20/12/2024
185351,,12,14/12/2024,,12,19,14/12/2024
185352,,12,03/01/2025,,8,23,03/01/2025
185353,,14,21/02/2024,,19,15,22/02/2024
185354,,14,12/02/2024,,21,18,12/02/2024
185355,,14,03/03/2024,,7,16,03/03/2024
185356,,20,26/07/2024,,11,18,27/07/2024
185357,,20,16/07/2024,,13,20,16/07/2024
185358,,20,28/07/2024,,9,24,28/07/2024
185359,,20,14/01/2024,,17,5,15/01/2024
185360,,20,10/01/2024,,9,8,10/01/2024
185361,,20,15/01/2024,,15,12,15/01/2024
185362,,20,28/08/2024,,18,15,29/08/2024
185363,,20,17/08/2024,,9,15,17/08/2024
185364,,20,29/08/2024,,15,22,29/08/2024
185365,,5,06/11/2024,,20,22,06/11/2024
185366,,5,28/10/2024,,8,19,28/10/2024
185367,,5,07/11/2024,,9,20,07/11/2024
185368,,11,16/09/2024,,20,18,17/09/2024
185369,,11,14/09/2024,,21,16,14/09/2024
185370,,11,22/09/2024,,14,19,22/09/2024
185371,,12,01/04/2024,,5,20,01/04/2024
185372,,12,17/03/2024,,17,15,17/03/2024
185373,,12,06/04/2024,,4,12,06/04/2024
185374,,14,12/08/2024,,2,12,12/08/2024
185375,,14,09/08/2024,,12,23,09/08/2024
185376,,14,23/08/2024,,11,17,23/08/2024
185377,,20,16/03/2024,,15,21,17/03/2024
185378,,20,12/03/2024,,1,19,12/03/2024
185379,,20,28/03/2024,,12,19,28/03/2024
185380,,20,09/11/2024,,11,16,10/11/2024
185381,,20,06/11/2024,,21,20,06/11/2024
185382,,20,10/11/2024,,0,23,10/11/2024
185383,,17,23/10/2024,,17,16,23/10/2024
185384,,17,12/10/2024,,6,23,12/10/2024
185385,,17,27/10/2024,,12,14,27/10/2024
185386,,5,03/02/2024,,16,23,04/02/2024
185387,,5,03/02/2024,,12,23,03/02/2024
185388,,5,07/02/2024,,10,21,07/02/2024
185389,,20,22/03/2024,,7,9,22/03/2024
185390,,20,19/03/2024,,3,6,19/03/2024
185391,,20,24/03/2024,,3,23,24/03/2024
185392,,22,23/08/2024,,3,24,24/08/2024
185393,,22,18/08/2024,,16,18,18/08/2024
185394,,22,26/08/2024,,9,24,26/08/2024
185395,,22,08/03/2024,,8,12,08/03/2024
185396,,22,08/03/2024,,19,7,08/03/2024
185397,,22,24/03/2024,,15,14,24/03/2024
185398,,13,13/07/2024,,18,20,13/07/2024
185399,,13,12/07/2024,,12,21,12/07/2024
185400,,13,21/07/2024,,18,24,21/07/2024
185401,,5,19/08/2024,,22,23,20/08/2024
185402,,5,19/08/2024,,4,12,19/08/2024
185403,,5,22/08/2024,,7,10,22/08/2024
185404,,20,08/11/2024,,13,13,08/11/2024
185405,,20,02/11/2024,,1,6,02/11/2024
185406,,20,21/11/2024,,18,21,21/11/2024
185407,,18,22/07/2024,,7,17,23/07/2024
185408,,18,19/07/2024,,13,23,19/07/2024
185409,,18,29/07/2024,,23,24,29/07/2024
185410,,4,02/05/2024,,21,15,02/05/2024
185411,,4,29/04/2024,,21,22,29/04/2024
185412,,4,04/05/2024,,7,23,04/05/2024
185413,,5,23/04/2024,,17,13,23/04/2024
185414,,5,19/04/2024,,0,4,19/04/2024
185415,,5,04/05/2024,,12,22,04/05/2024
185416,,20,04/10/2024,,0,12,04/10/2024
185417,,20,17/09/2024,,17,23,17/09/2024
185418,,20,05/10/2024,,7,24,05/10/2024
185419,,13,29/06/2024,,3,24,30/06/2024
185420,,13,25/06/2024,,20,20,25/06/2024
185421,,13,08/07/2024,,13,6,08/07/2024
185422,,18,01/03/2024,,20,24,01/03/2024
185423,,18,20/02/2024,,19,16,20/02/2024
185424,,18,07/03/2024,,21,24,07/03/2024
185425,,5,11/12/2024,,14,8,11/12/2024
185426,,5,08/12/2024,,22,24,08/12/2024
185427,,5,12/12/2024,,5,17,12/12/2024
185428,,4,09/09/2024,,8,24,10/09/2024
185429,,4,04/09/2024,,6,19,04/09/2024
185430,,4,22/09/2024,,4,10,22/09/2024
185431,,12,03/01/2025,,0,7,03/01/2025
185432,,12,23/12/2024,,5,3,23/12/2024
185433,,12,06/01/2025,,18,10,06/01/2025
185434,,12,18/05/2024,,6,24,19/05/2024
185435,,12,13/05/2024,,0,24,13/05/2024
185436,,12,19/05/2024,,23,4,19/05/2024
185437,,22,21/12/2024,,8,20,21/12/2024
185438,,22,18/12/2024,,12,18,18/12/2024
185439,,22,26/12/2024,,8,21,26/12/2024
185440,,11,13/01/2024,,19,23,13/01/2024
185441,,11,12/01/2024,,21,6,12/01/2024
185442,,11,15/01/2024,,22,21,15/01/2024
185443,,14,08/05/2024,,23,16,08/05/2024
185444,,14,06/05/2024,,1,9,06/05/2024
185445,,14,12/05/2024,,19,15,12/05/2024
185446,,12,14/02/2024,,18,5,14/02/2024
185447,,12,30/01/2024,,3,20,30/01/2024
185448,,12,18/02/2024,,8,10,18/02/2024
185449,,8,14/12/2024,,8,21,15/12/2024
185450,,8,13/12/2024,,4,23,13/12/2024
185451,,8,17/12/2024,,11,20,17/12/2024
185452,,12,31/08/2024,,19,13,01/09/2024
185453,,12,19/08/2024,,5,22,19/08/2024
185454,,12,01/09/2024,,14,14,01/09/2024
185455,,14,09/06/2024,,1,20,09/06/2024
185456,,14,03/06/2024,,7,20,03/06/2024
185457,,14,15/06/2024,,2,18,15/06/2024
185458,,5,20/11/2024,,21,16,21/11/2024
185459,,5,20/11/2024,,13,6,20/11/2024
185460,,5,04/12/2024,,5,24,04/12/2024
185461,,5,04/10/2024,,9,14,05/10/2024
185462,,5,04/10/2024,,6,10,04/10/2024
185463,,5,14/10/2024,,18,13,14/10/2024
185464,,11,29/12/2024,,19,23,29/12/2024
185465,,11,12/12/2024,,13,3,12/12/2024
185466,,11,01/01/2025,,5,21,01/01/2025
185467,,17,12/10/2024,,14,20,12/10/2024
185468,,17,30/09/2024,,2,13,30/09/2024
185469,,17,14/10/2024,,1,10,14/10/2024
185470,,20,04/03/2024,,6,4,05/03/2024
185471,,20,19/02/2024,,14,5,19/02/2024
185472,,20,07/03/2024,,23,19,07/03/2024
185473,,12,14/05/2024,,7,20,14/05/2024
185474,,12,06/05/2024,,4,23,06/05/2024
185475,,12,15/05/2024,,8,19,15/05/2024
185476,,20,28/07/2024,,19,22,29/07/2024
185477,,20,25/07/2024,,14,13,25/07/2024
185478,,20,30/07/2024,,17,24,30/07/2024
185479,,11,19/10/2024,,5,23,19/10/2024
185480,,11,17/10/2024,,0,18,17/10/2024
185481,,11,26/10/2024,,6,24,26/10/2024
185482,,13,31/01/2024,,23,13,31/01/2024
185483,,13,18/01/2024,,13,15,18/01/2024
185484,,13,01/02/2024,,14,3,01/02/2024
185485,,17,06/03/2024,,21,22,07/03/2024
185486,,17,20/02/2024,,0,22,20/02/2024
185487,,17,07/03/2024,,2,13,07/03/2024
185488,,18,04/05/2024,,15,11,04/05/2024
185489,,18,04/05/2024,,1,17,04/05/2024
185490,,18,08/05/2024,,3,16,08/05/2024
185491,,20,02/03/2024,,4,15,03/03/2024
185492,,20,25/02/2024,,21,14,25/02/2024
185493,,20,12/03/2024,,23,21,12/03/2024
185494,,13,04/02/2024,,18,22,04/02/2024
185495,,13,04/02/2024,,14,10,04/02/2024
185496,,13,22/02/2024,,6,22,22/02/2024
185497,,17,20/02/2024,,20,12,21/02/2024
185498,,17,16/02/2024,,9,18,16/02/2024
185499,,17,22/02/2024,,20,19,22/02/2024
185500,,22,09/10/2024,,14,19,09/10/2024
185501,,22,09/10/2024,,0,23,09/10/2024
185502,,22,14/10/2024,,5,24,14/10/2024
185503,,6,26/06/2024,,10,24,26/06/2024
185504,,6,24/06/2024,,20,19,24/06/2024
185505,,6,28/06/2024,,21,18,28/06/2024
185506,,22,18/09/2024,,21,23,18/09/2024
185507,,22,11/09/2024,,17,20,11/09/2024
185508,,22,30/09/2024,,19,17,30/09/2024
185509,,18,23/03/2024,,5,21,23/03/2024
185510,,18,23/03/2024,,0,23,23/03/2024
185511,,18,09/04/2024,,17,19,09/04/2024
185512,,5,09/02/2024,,15,17,09/02/2024
185513,,5,04/02/2024,,17,23,04/02/2024
185514,,5,24/02/2024,,18,14,24/02/2024
185515,,14,04/12/2024,,1,15,05/12/2024
185516,,14,03/12/2024,,14,11,03/12/2024
185517,,14,06/12/2024,,4,17,06/12/2024
185518,,6,21/03/2024,,23,18,21/03/2024
185519,,6,21/03/2024,,4,24,21/03/2024
185520,,6,30/03/2024,,0,13,30/03/2024
185521,,22,14/12/2024,,6,19,14/12/2024
185522,,22,09/12/2024,,17,24,09/12/2024
185523,,22,24/12/2024,,23,17,24/12/2024
185524,,6,01/03/2024,,18,23,02/03/2024
185525,,6,28/02/2024,,1,2,28/02/2024
185526,,6,17/03/2024,,14,21,17/03/2024
185527,,22,26/08/2024,,3,18,26/08/2024
185528,,22,21/08/2024,,6,11,21/08/2024
185529,,22,27/08/2024,,1,24,27/08/2024
185530,,18,04/05/2024,,9,13,05/05/2024
185531,,18,04/05/2024,,20,17,04/05/2024
185532,,18,08/05/2024,,18,19,08/05/2024
185533,,11,04/10/2024,,18,20,04/10/2024
185534,,11,29/09/2024,,10,20,29/09/2024
185535,,11,05/10/2024,,9,20,05/10/2024
185536,,20,29/06/2024,,6,24,30/06/2024
185537,,20,16/06/2024,,10,12,16/06/2024
185538,,20,30/06/2024,,16,23,30/06/2024
185539,,12,07/02/2024,,7,23,07/02/2024
185540,,12,03/02/2024,,11,24,03/02/2024
185541,,12,22/02/2024,,20,21,22/02/2024
185542,,22,23/04/2024,,7,17,24/04/2024
185543,,22,10/04/2024,,20,9,10/04/2024
185544,,22,30/04/2024,,12,13,30/04/2024
185545,,13,09/04/2024,,1,23,10/04/2024
185546,,13,07/04/2024,,18,18,07/04/2024
185547,,13,13/04/2024,,6,22,13/04/2024
185548,,11,13/11/2024,,23,22,13/11/2024
185549,,11,12/11/2024,,10,16,12/11/2024
185550,,11,28/11/2024,,20,13,28/11/2024
185551,,4,07/05/2024,,4,24,08/05/2024
185552,,4,05/05/2024,,7,11,05/05/2024
185553,,4,18/05/2024,,11,24,18/05/2024
185554,,11,26/05/2024,,4,10,26/05/2024
185555,,11,24/05/2024,,0,7,24/05/2024
185556,,11,10/06/2024,,0,24,10/06/2024
185557,,5,06/07/2024,,10,11,06/07/2024
185558,,5,05/07/2024,,8,22,05/07/2024
185559,,5,09/07/2024,,5,13,09/07/2024
185560,,18,12/09/2024,,13,16,12/09/2024
185561,,18,09/09/2024,,3,11,09/09/2024
185562,,18,22/09/2024,,0,16,22/09/2024
185563,,4,12/01/2024,,7,18,12/01/2024
185564,,4,09/01/2024,,15,20,09/01/2024
185565,,4,13/01/2024,,18,24,13/01/2024
185566,,4,26/08/2024,,21,3,26/08/2024
185567,,4,24/08/2024,,22,24,24/08/2024
185568,,4,27/08/2024,,21,21,27/08/2024
185569,,4,16/01/2024,,2,15,16/01/2024
185570,,4,13/01/2024,,7,19,13/01/2024
185571,,4,22/01/2024,,19,17,22/01/2024
185572,,13,07/04/2024,,12,22,07/04/2024
185573,,13,03/04/2024,,10,14,03/04/2024
185574,,13,08/04/2024,,14,12,08/04/2024
185575,,17,30/06/2024,,23,19,01/07/2024
185576,,17,21/06/2024,,13,6,21/06/2024
185577,,17,01/07/2024,,0,13,01/07/2024
185578,,17,25/11/2024,,21,13,25/11/2024
185579,,17,25/11/2024,,9,21,25/11/2024
185580,,17,06/12/2024,,10,20,06/12/2024
185581,,14,26/03/2024,,22,10,26/03/2024
185582,,14,25/03/2024,,17,24,25/03/2024
185583,,14,14/04/2024,,3,17,14/04/2024
185584,,17,07/08/2024,,9,24,08/08/2024
185585,,17,01/08/2024,,17,2,01/08/2024
185586,,17,18/08/2024,,13,23,18/08/2024
185587,,17,06/03/2024,,2,21,07/03/2024
185588,,17,01/03/2024,,6,23,01/03/2024
185589,,17,12/03/2024,,12,21,12/03/2024
185590,,22,17/04/2024,,0,13,18/04/2024
185591,,22,14/04/2024,,13,24,14/04/2024
185592,,22,18/04/2024,,14,10,18/04/2024
185593,,12,02/03/2024,,0,24,03/03/2024
185594,,12,02/03/2024,,11,24,02/03/2024
185595,,12,08/03/2024,,21,24,08/03/2024
185596,,20,23/12/2024,,0,22,23/12/2024
185597,,20,17/12/2024,,12,16,17/12/2024
185598,,20,24/12/2024,,12,22,24/12/2024
185599,,5,02/10/2024,,6,20,03/10/2024
185600,,5,30/09/2024,,17,8,30/09/2024
185601,,5,14/10/2024,,8,16,14/10/2024
185602,,18,10/09/2024,,0,11,10/09/2024
185603,,18,07/09/2024,,8,22,07/09/2024
185604,,18,18/09/2024,,15,20,18/09/2024
185605,,20,12/02/2024,,8,21,13/02/2024
185606,,20,28/01/2024,,21,7,28/01/2024
185607,,20,16/02/2024,,22,17,16/02/2024
185608,,14,28/11/2024,,23,22,29/11/2024
185609,,14,19/11/2024,,17,23,19/11/2024
185610,,14,05/12/2024,,12,15,05/12/2024
185611,,4,18/08/2024,,20,5,18/08/2024
185612,,4,16/08/2024,,0,23,16/08/2024
185613,,4,19/08/2024,,8,22,19/08/2024
185614,,12,30/05/2024,,16,18,30/05/2024
185615,,12,13/05/2024,,1,17,13/05/2024
185616,,12,02/06/2024,,3,21,02/06/2024
185617,,6,10/02/2024,,4,19,10/02/2024
185618,,6,10/02/2024,,17,16,10/02/2024
185619,,6,13/02/2024,,13,21,13/02/2024
185620,,12,09/08/2024,,19,23,10/08/2024
185621,,12,03/08/2024,,5,19,03/08/2024
185622,,12,11/08/2024,,3,22,11/08/2024
185623,,14,14/10/2024,,10,15,14/10/2024
185624,,14,25/09/2024,,1,7,25/09/2024
185625,,14,15/10/2024,,23,13,15/10/2024
185626,,17,05/11/2024,,6,21,05/11/2024
185627,,17,24/10/2024,,21,22,24/10/2024
185628,,17,07/11/2024,,23,23,07/11/2024
185629,,14,14/07/2024,,17,15,14/07/2024
185630,,14,01/07/2024,,14,21,01/07/2024
185631,,14,16/07/2024,,9,20,16/07/2024
185632,,11,05/07/2024,,22,15,05/07/2024
185633,,11,29/06/2024,,20,9,29/06/2024
185634,,11,06/07/2024,,20,23,06/07/2024
185635,,5,01/09/2024,,18,22,02/09/2024
185636,,5,30/08/2024,,9,15,30/08/2024
185637,,5,18/09/2024,,19,21,18/09/2024
185638,,11,22/05/2024,,4,18,22/05/2024
185639,,11,17/05/2024,,2,16,17/05/2024
185640,,11,26/05/2024,,8,22,26/05/2024
185641,,8,09/05/2024,,23,19,09/05/2024
185642,,8,22/04/2024,,6,23,22/04/2024
185643,,8,11/05/2024,,10,23,11/05/2024
185644,,17,18/05/2024,,2,16,19/05/2024
185645,,17,16/05/2024,,4,24,16/05/2024
185646,,17,04/06/2024,,15,22,04/06/2024
185647,,18,11/10/2024,,14,13,11/10/2024
185648,,18,02/10/2024,,19,17,02/10/2024
185649,,18,21/10/2024,,9,21,21/10/2024
185650,,11,15/02/2024,,16,6,16/02/2024
185651,,11,06/02/2024,,2,23,06/02/2024
185652,,11,18/02/2024,,2,23,18/02/2024
185653,,11,02/11/2024,,18,23,02/11/2024
185654,,11,30/10/2024,,19,24,30/10/2024
185655,,11,08/11/2024,,12,24,08/11/2024
185656,,22,06/04/2024,,14,21,06/04/2024
185657,,22,04/04/2024,,20,22,04/04/2024
185658,,22,07/04/2024,,20,18,07/04/2024
185659,,12,17/09/2024,,13,18,17/09/2024
185660,,12,17/09/2024,,12,5,17/09/2024
185661,,12,21/09/2024,,14,14,21/09/2024
185662,,14,29/06/2024,,14,24,29/06/2024
185663,,14,27/06/2024,,13,23,27/06/2024
185664,,14,30/06/2024,,18,16,30/06/2024
185665,,20,26/06/2024,,3,21,27/06/2024
185666,,20,25/06/2024,,4,15,25/06/2024
185667,,20,28/06/2024,,16,20,28/06/2024
185668,,13,30/07/2024,,0,21,30/07/2024
185669,,13,30/07/2024,,20,22,30/07/2024
185670,,13,09/08/2024,,10,11,09/08/2024
185671,,20,24/08/2024,,9,16,24/08/2024
185672,,20,18/08/2024,,5,23,18/08/2024
185673,,20,30/08/2024,,17,13,30/08/2024
185674,,5,09/11/2024,,11,20,10/11/2024
185675,,5,02/11/2024,,23,2,02/11/2024
185676,,5,11/11/2024,,6,23,11/11/2024
185677,,12,07/02/2024,,20,23,07/02/2024
185678,,12,27/01/2024,,13,5,27/01/2024
185679,,12,11/02/2024,,22,17,11/02/2024
185680,,4,23/06/2024,,9,2,24/06/2024
185681,,4,11/06/2024,,14,24,11/06/2024
185682,,4,30/06/2024,,11,23,30/06/2024
185683,,18,18/11/2024,,21,18,18/11/2024
185684,,18,09/11/2024,,22,18,09/11/2024
185685,,18,23/11/2024,,9,18,23/11/2024
185686,,17,01/03/2024,,19,19,02/03/2024
185687,,17,27/02/2024,,12,21,27/02/2024
185688,,17,09/03/2024,,6,20,09/03/2024
185689,,12,24/05/2024,,16,21,24/05/2024
185690,,12,23/05/2024,,0,23,23/05/2024
185691,,12,28/05/2024,,18,16,28/05/2024
185692,,4,20/12/2024,,19,23,20/12/2024
185693,,4,19/12/2024,,10,16,19/12/2024
185694,,4,27/12/2024,,22,21,27/12/2024
185695,,12,29/09/2024,,8,23,29/09/2024
185696,,12,26/09/2024,,21,9,26/09/2024
185697,,12,30/09/2024,,11,22,30/09/2024
185698,,20,05/09/2024,,22,11,06/09/2024
185699,,20,25/08/2024,,15,20,25/08/2024
185700,,20,11/09/2024,,17,15,11/09/2024
185701,,17,05/05/2024,,11,22,06/05/2024
185702,,17,27/04/2024,,10,20,27/04/2024
185703,,17,11/05/2024,,8,23,11/05/2024
185704,,6,04/04/2024,,20,24,04/04/2024
185705,,6,04/04/2024,,21,19,04/04/2024
185706,,6,08/04/2024,,0,10,08/04/2024
185707,,12,25/04/2024,,18,9,25/04/2024
185708,,12,24/04/2024,,12,2,24/04/2024
185709,,12,03/05/2024,,5,22,03/05/2024
185710,,14,05/02/2024,,1,21,06/02/2024
185711,,14,03/02/2024,,18,14,03/02/2024
185712,,14,10/02/2024,,15,23,10/02/2024
185713,,6,06/04/2024,,23,24,07/04/2024
185714,,6,03/04/2024,,16,10,03/04/2024
185715,,6,15/04/2024,,15,16,15/04/2024
185716,,20,05/06/2024,,14,10,05/06/2024
185717,,20,05/06/2024,,8,21,05/06/2024
185718,,20,25/06/2024,,18,24,25/06/2024
185719,,18,03/05/2024,,6,22,03/05/2024
185720,,18,21/04/2024,,1,14,21/04/2024
185721,,18,09/05/2024,,13,13,09/05/2024
185722,,20,03/02/2024,,10,23,04/02/2024
185723,,20,25/01/2024,,9,19,25/01/2024
185724,,20,04/02/2024,,0,10,04/02/2024
185725,,20,29/06/2024,,3,13,30/06/2024
185726,,20,28/06/2024,,11,23,28/06/2024
185727,,20,02/07/2024,,6,15,02/07/2024
185728,,18,14/02/2024,,2,9,14/02/2024
185729,,18,09/02/2024,,16,23,09/02/2024
185730,,18,22/02/2024,,4,24,22/02/2024
185731,,17,12/09/2024,,21,23,13/09/2024
185732,,17,10/09/2024,,0,9,10/09/2024
185733,,17,28/09/2024,,2,16,28/09/2024
185734,,14,24/08/2024,,4,20,24/08/2024
185735,,14,21/08/2024,,17,23,21/08/2024
185736,,14,30/08/2024,,16,13,30/08/2024
185737,,8,17/10/2024,,12,23,17/10/2024
185738,,8,15/10/2024,,15,24,15/10/2024
185739,,8,20/10/2024,,5,22,20/10/2024
185740,,12,24/08/2024,,3,18,24/08/2024
185741,,12,20/08/2024,,18,11,20/08/2024
185742,,12,03/09/2024,,20,15,03/09/2024
185743,,17,02/09/2024,,13,11,03/09/2024
185744,,17,28/08/2024,,13,18,28/08/2024
185745,,17,13/09/2024,,20,13,13/09/2024
185746,,4,20/07/2024,,17,18,20/07/2024
185747,,4,10/07/2024,,20,13,10/07/2024
185748,,4,23/07/2024,,12,20,23/07/2024
185749,,12,01/10/2024,,7,23,01/10/2024
185750,,12,28/09/2024,,4,11,28/09/2024
185751,,12,02/10/2024,,5,23,02/10/2024
185752,,12,27/11/2024,,20,0,27/11/2024
185753,,12,17/11/2024,,9,7,17/11/2024
185754,,12,28/11/2024,,2,13,28/11/2024
185755,,20,23/07/2024,,14,11,24/07/2024
185756,,20,18/07/2024,,5,24,18/07/2024
185757,,20,28/07/2024,,13,10,28/07/2024
185758,,5,28/06/2024,,17,16,28/06/2024
185759,,5,28/06/2024,,8,15,28/06/2024
185760,,5,11/07/2024,,17,22,11/07/2024
185761,,8,09/01/2024,,21,23,10/01/2024
185762,,8,09/01/2024,,6,21,09/01/2024
185763,,8,17/01/2024,,13,19,17/01/2024
185764,,11,20/02/2024,,9,22,21/02/2024
185765,,11,20/02/2024,,18,19,20/02/2024
185766,,11,03/03/2024,,11,24,03/03/2024
185767,,22,19/05/2024,,9,24,19/05/2024
185768,,22,16/05/2024,,14,22,16/05/2024
185769,,22,22/05/2024,,13,14,22/05/2024
185770,,13,11/11/2024,,2,22,12/11/2024
185771,,13,31/10/2024,,4,22,31/10/2024
185772,,13,13/11/2024,,23,11,13/11/2024
185773,,22,23/10/2024,,10,7,24/10/2024
185774,,22,12/10/2024,,18,12,12/10/2024
185775,,22,29/10/2024,,20,11,29/10/2024
185776,,22,19/06/2024,,7,14,19/06/2024
185777,,22,09/06/2024,,12,23,09/06/2024
185778,,22,28/06/2024,,19,12,28/06/2024
185779,,11,13/08/2024,,20,23,13/08/2024
185780,,11,09/08/2024,,7,22,09/08/2024
185781,,11,14/08/2024,,12,23,14/08/2024
185782,,22,01/02/2024,,19,21,02/02/2024
185783,,22,01/02/2024,,8,16,01/02/2024
185784,,22,14/02/2024,,6,19,14/02/2024
185785,,20,26/09/2024,,8,12,26/09/2024
185786,,20,19/09/2024,,15,23,19/09/2024
185787,,20,28/09/2024,,21,21,28/09/2024
185788,,14,31/03/2024,,20,24,31/03/2024
185789,,14,16/03/2024,,4,20,16/03/2024
185790,,14,02/04/2024,,0,20,02/04/2024
185791,,13,04/01/2024,,21,12,05/01/2024
185792,,13,04/01/2024,,19,22,04/01/2024
185793,,13,10/01/2024,,10,22,10/01/2024
185794,,17,24/08/2024,,9,15,24/08/2024
185795,,17,12/08/2024,,2,23,12/08/2024
185796,,17,29/08/2024,,15,8,29/08/2024
185797,,14,22/07/2024,,9,24,22/07/2024
185798,,14,18/07/2024,,14,20,18/07/2024
185799,,14,26/07/2024,,12,10,26/07/2024
185800,,12,25/11/2024,,19,22,26/11/2024
185801,,12,25/11/2024,,3,23,25/11/2024
185802,,12,30/11/2024,,18,17,30/11/2024
185803,,5,26/10/2024,,17,14,26/10/2024
185804,,5,25/10/2024,,10,20,25/10/2024
185805,,5,05/11/2024,,10,24,05/11/2024
185806,,17,19/12/2024,,16,24,20/12/2024
185807,,17,09/12/2024,,5,16,09/12/2024
185808,,17,27/12/2024,,17,15,27/12/2024
185809,,14,15/08/2024,,17,24,16/08/2024
185810,,14,02/08/2024,,11,24,02/08/2024
185811,,14,21/08/2024,,7,7,21/08/2024
185812,,17,16/07/2024,,9,18,17/07/2024
185813,,17,04/07/2024,,21,22,04/07/2024
185814,,17,18/07/2024,,7,23,18/07/2024
185815,,12,02/08/2024,,1,15,02/08/2024
185816,,12,23/07/2024,,15,21,23/07/2024
185817,,12,07/08/2024,,0,12,07/08/2024
185818,,20,24/06/2024,,0,8,24/06/2024
185819,,20,16/06/2024,,7,14,16/06/2024
185820,,20,30/06/2024,,16,12,30/06/2024
185821,,12,15/02/2024,,14,20,15/02/2024
185822,,12,15/02/2024,,0,20,15/02/2024
185823,,12,20/02/2024,,13,23,20/02/2024
